Station,ID,Elev,Latitude,Longitude,County,River Basin
8 STATION PRECIP INDEX (DWR-2),8SM,0,39.9,-120.9,PLUMAS,SACRAMENTO R
A.G. WISHON (PG&E),AGW,1000,37.151,-119.505,MERCED,SAN JOAQUIN R
ACTON,ACN,2600,34.446,-118.2,LOS ANGELES,SANTA CLARA R
ADIN MOUNTAIN,ADM,6200,41.237,-120.792,MODOC,PIT R
AGNEW PASS,AGP,9450,37.7244,-119.143,MADERA,SAN JOAQUIN R
ALDER POINT,ALD,923,40.232,-123.712,HUMBOLDT,EEL R
ALDER SPRINGS (USACE),ALS,4500,39.65,-122.725,GLENN,STONY CR
ALDER SPRINGS NEAR ELK CREEK,ADS,4500,39.65,-122.725,GLENN,STONY CR
ALLEGHANY,ALY,4957,39.47,-120.875,SIERRA,YUBA R
ALPHA (SMUD),ALP,7600,38.80419159,-120.2156525,EL DORADO,AMERICAN R
ALPINE,API,2041,32.834,-116.739,SAN DIEGO,SAN DIEGO R
AMERICAN R AT FOLSOM,AMF,0,38.683,-121.183,SACRAMENTO,AMERICAN R
AMERICAN RIVER PUMP STATION,APS,480,38.9,-121.1,SACRAMENTO,AMERICAN R
ANGWIN,ANG,1815,38.5712,-122.4332,NAPA,NAPA R
ANTELOPE LAKE,ANT,4960,40.18,-120.607,PLUMAS,FEATHER R
ANTELOPE VALLEY CALIF POPPY RESERVE,POP,2760,34.738,-118.404,LOS ANGELES,ANTELOPE VALLEY
ANTIOCH (USBR),ANC,10,38.004,-121.804,CONTRA COSTA,DELTA
ANZA,ANZ,3920,33.5558,-116.6744,RIVERSIDE,SAN JACINTO R
ARDEN WAY,ARW,35,38.596,-121.413,SACRAMENTO,AMERICAN R
ARGONAUT DAM CA ARB RAWS,ANU,1513,38.3536,-120.7902,AMADOR,MOKELUMNE R
ARROWHEAD SPRINGS HOTEL,ARS,2000,34.184,-117.264,SAN BERNARDINO,LYTLE CR
ARROYO GRANDE,ARG,600,35.117,-120.417,SAN LUIS OBISPO,ARROYO GRANDE CREEK
ARROYO SECO,ARY,980,36.23,-121.488,MONTEREY,SALINAS R
ASH CREEK (USFS),ASC,3200,41.276943,-121.979446,SISKIYOU,MC CLOUD R
ASH MOUNTAIN,ASM,1708,36.483,-118.833,TULARE,KAWEAH R
ASH VALLEY,AHV,5090,41.058,-120.706,LASSEN,PIT R
ATLAS PEAK,ATL,1660,38.433,-122.25,NAPA,NAPA R
ATWELL CAMP,ATW,6400,36.464,-118.631,TULARE,KAWEAH R
AUBURN DAM RIDGE,ADR,1200,38.882,-121.045,PLACER,AMERICAN R
BACON ISLAND AT OLD RIVER,BAC,0,37.96934509,-121.5721741,SAN JOAQUIN,DELTA
BAKERSFIELD AIRPORT,BFK,494,35.434,-119.054,KERN,TULARE LAKE
BALCH PH (PG&E),BAL,1720,36.909,-119.089,FRESNO,KINGS R
BALD MOUNTAIN (USBR),BDM,4720,37.067,-119.4,FRESNO,SAN JOAQUIN R
BALD MOUNTAIN (USFS),BMT,4680,38.9,-120.683,EL DORADO,RUBICON R
BANGOR,BGR,800,39.38072968,-121.3862457,BUTTE,YUBA R
BARKER SLOUGH PUMPING PLANT (KG000000),BKS,0,38.2759,-121.7965,SOLANO,DELTA
BARREL SPRINGS,BRR,5835,41.9111,-119.9389,State of Nevada,PIT R
BATTERSON,BTT,3160,37.383,-119.617,MADERA,SAN JOAQUIN R
BATTLE CREEK,BAT,200,40.39820862,-122.1463852,TEHAMA,SACRAMENTO R
BATTLE RIDGE,BTR,3400,40.333,-121.75,TEHAMA,SACTO VLY WEST
BEACH MEADOWS,BCH,7650,36.12609482,-118.293457,TULARE,KERN R
BEAR,BAR,319,37.367,-120.217,MARIPOSA,MERCED R
BEAR CREEK AT MC KEE ROAD,MCK,167,37.3092,-120.4456,MERCED,SAN JOAQUIN R
BEAR CYN RD PRECIP NR MIDDLETOWN,BMI,2220,38.7639,-122.6808,LAKE,PUTAH CR
BEAR PEAK,BRP,8228,35.884,-118.052,TULARE,KERN R
BEAR R AT ROLLINS RESERVOIR,BRE,1945,39.133,-120.953,PLACER,BEAR R
BEAR RIVER AT CAMP FAR WEST DAM,CFW,260,39.05,-121.317,YUBA,BEAR R
BEAR TRAP MEADOW,BRM,6800,36.676,-118.858,TULARE,KAWEAH R
BEARDSLEY LAKE,BRD,3398,38.203,-120.075,TUOLUMNE,STANISLAUS R
BELDON LANDING,BDL,0,38.1869,-121.9708,SOLANO,SACRAMENTO R
BELL CANYON,BEC,750,33.5517,-117.5731,ORANGE,SANTA ANA R
BEN BOLT,BLT,1138,38.586,-121.017,EL DORADO,COSUMNES R
BEN LOMOND (CDF),BLO,2630,37.132,-122.17,SANTA CRUZ,SAN LORENZO R
BENTON,BTN,5450,37.843,-118.478,MONO,OWENS R
BERRYESSA,BER,456,38.513,-122.104,NAPA,PUTAH CR
BETHEL ISLAND,BET,9,38.04109192,-121.6321869,CONTRA COSTA,DELTA
BIG BAR,BGB,1270,40.733,-123.2,TRINITY,TRINITY R
BIG CK DIVERSION NR FISH CAMP,BGF,5400,37.46944,-119.61417,MARIPOSA,MERCED R
BIG CREEK 1,BGC,4878,37.205,-119.24,FRESNO,SAN JOAQUIN R
BIG DALTON DAM,BDD,1587,34.17,-117.808,LOS ANGELES,SAN GABRIEL R
BIG FLAT,BFL,5100,41.08,-122.942,TRINITY,TRINITY R
BIG MEADOWS (DWR),BIM,7600,36.71536636,-118.8434296,TULARE,KINGS R
BIG MEADOWS (SCS),BMW,8700,39.458,-119.946,State of Nevada,TRUCKEE R
BIG PINE CREEK,BGP,9800,37.12785721,-118.478157,INYO,OWENS R
BIG PINE FLAT,BPF,6861,34.319,-117.013,SAN BERNARDINO,SANTA ANA R
BIG PINES,BPI,3917,34.379,-117.692,LOS ANGELES,ANTELOPE VALLEY
BISHOP PASS,BSH,11200,37.1,-118.557,FRESNO,KINGS R
BLACK BUTTE,BLB,426,39.808,-122.329,TEHAMA,STONY CR
BLACK DIAMOND MINES,BKD,1600,37.95,-121.884,CONTRA COSTA,EAST BAY
BLACK MOUNTAIN,BLM,3625,35.395,-120.353,SAN LUIS OBISPO,SALINAS R
BLACK SPRINGS,BLS,6500,38.375,-120.192,CALAVERAS,STANISLAUS R
BLACKCAP BASIN,BCB,10300,37.067,-118.77,FRESNO,KINGS R
BLACKROCK,BKK,8200,36.093,-118.261,TULARE,KERN R
BLACKS MOUNTAIN,BLA,7050,40.76983643,-121.1997223,LASSEN,PIT R
BLIND POINT,BLP,0,38.03245163,-121.7190399,CONTRA COSTA,DELTA
BLOODS CREEK,BLD,7200,38.45,-120.033,ALPINE,STANISLAUS R
BLUE CANYON,BLC,5280,39.2761,-120.7081,PLACER,AMERICAN R
BLUE CANYON (DWR-2),BYM,5280,39.283,-120.7,PLACER,AMERICAN R
BLUE DOOR,BDR,5900,41.056,-120.336,LASSEN,PIT R
BLUE LAKES,BLK,8000,38.613,-119.931,ALPINE,MOKELUMNE R
BOCA RESERVOIR,BOC,5521,39.383,-120.1,NEVADA,TRUCKEE R
BOGARD RANGER STATION,BGD,5680,40.59,-121.08,LASSEN,SUSAN R
BOGGS MT PRECIP AT HOBERGS,BMH,3550,38.8389,-122.7111,LAKE,CACHE CR
BONANZA KING,BNK,6450,41.083,-122.628,TRINITY,TRINITY R
BOONVILLE,BNV,840,38.9875,-123.3486,MENDOCINO,NAVARRO RIVER
BOWMAN LAKE,BOL,5390,39.4481,-120.6536,NEVADA,YUBA R
BRANCH MOUNTAIN,BMO,3770,35.189,-120.083,SAN LUIS OBISPO,SALINAS R
BRANDY CREEK,BDY,1300,40.617,-122.567,SHASTA,SACTO VLY NE
BRAZIE RANCH,BZR,3020,41.687,-122.6,SISKIYOU,KLAMATH R
BRECKENRIDGE,BKE,7548,35.4506,-118.5839,KERN,KERN R
BRIDGEPORT,BPT,6650,38.272,-119.289,MONO,WALKER R
BRIDGEVILLE,BGV,646,40.474,-123.792,HUMBOLDT,VAN DUZEN R
BRIONES,BNE,1450,37.934,-122.118,CONTRA COSTA,EAST BAY
BROOKS,BSS,360,38.738335,-122.144722,YOLO,CACHE CR
BRUSH CREEK (DWR),BRS,3560,39.692,-121.339,BUTTE,FEATHER R
BRUSH CREEK (DWR-2),BCM,3560,39.694,-121.34,BUTTE,FEATHER R
BRUSH CREEK (SMUD),BHC,2923,38.805,-120.62,EL DORADO,AMERICAN R
BRUSH CREEK RS,BCR,3520,39.69,-121.34,BUTTE,FEATHER R
BUCHANAN DAM,BUC,450,37.213,-119.97,MADERA,CHOWCHILLA R
BUCK ISLAND LAKE,BIL,6400,39.001,-120.25,EL DORADO,AMERICAN R
BUCKS CREEK POWERHOUSE,BUP,1760,39.917,-121.333,PLUMAS,FEATHER R
BUCKS LAKE,BKL,5750,39.85,-121.242,PLUMAS,FEATHER R
BUCKS LAKE STORAGE,BCL,5168,39.897,-121.202,PLUMAS,FEATHER R
BULLARDS BAR,BUD,2100,39.3963,-121.1439,YUBA,YUBA R
BUNNING RANCH,BNR,1520,37.3678,-119.89,MARIPOSA,FRESNO R
BURNS CANYON,BNY,6000,34.208,-116.6217,SAN BERNARDINO,WHITEWATER R
BURNS CREEK DAM,BUR,319,37.377,-120.275,MERCED,MERCED R
BURNSIDE LAKE,BSK,8129,38.7194,-119.8942,ALPINE,CARSON R
BUTT VALLEY,BTV,4144,40.187,-121.186,PLUMAS,FEATHER R
BUTTE CREEK NR CHICO,BCK,300,39.72599411,-121.7088623,BUTTE,BUTTE CR
BUTTE CREEK NR DURHAM,BCD,190,39.67801285,-121.7774811,BUTTE,BUTTE CR
BUTTERCUP,BUT,320,32.74,-114.884,IMPERIAL,COLORADO R
BW-12 IMPORT TO BUTTE CREEK,BBW,2882,39.88573074,-121.6103287,BUTTE,BUTTE CR
BYRON AIRPORT,BAP,43,37.8306,-121.6225,CONTRA COSTA,DELTA
BYRON BETHANY IRRIGATION DIST DIVERSION,BBI,3,37.8298,-121.5574,CONTRA COSTA,DELTA
CACHE CREEK AT RUMSEY BRIDGE,RUM,400,38.89,-122.238,YOLO,CACHE CR
CACHE SLOUGH,CCS,0,38.295,-121.742,SOLANO,DELTA
CACHUMA LAKE,CCH,781,34.583,-119.98,SANTA BARBARA,SANTA YNEZ R
CAHILL RIDGE,CRI,1044,37.5102,-122.374,SAN MATEO,SAN MATEO CREEK
CAHUILLA,CAU,278,32.974,-115.174,IMPERIAL,COLORADO R
CAL AQUEDUCT CHECK 13 (KA007089),C13,204,37.0742,-121.0151,MERCED,SAN JOAQUIN R
CAL AQUEDUCT CHECK 21 (KA017226),C21,320,36.0142,-119.9769,KINGS,KINGS R
CAL AQUEDUCT CHECK 29 (KA024454),C29,291,35.232,-119.3299,KERN,KERN R
CAL AQUEDUCT CHECK 41 (KA030341),C41,3280,34.834,-118.7119,KERN,MOJAVE R
CAL AQUEDUCT CHECK 66 (KA040341),C66,3448,34.336,-117.3036,SAN BERNARDINO,MOJAVE R
CALAVERAS,CVE,775,37.492,-121.818,ALAMEDA,ALAMEDA CR
CALAVERAS BIG TREES,CVT,4695,38.283,-120.317,CALAVERAS,STANISLAUS R
CALAVERAS COTTAGE,CCT,822,37.488321,-121.820785,SANTA CLARA,ALAMEDA CR
CALAVERAS RANGER STATION,CVS,3360,38.198,-120.367,CALAVERAS,MOKELUMNE R
CALAVERAS ROAD,CAD,1140,37.5531,-121.8439,ALAMEDA,ALAMEDA CR
CALIFORNIA STATE UNIV AT SACRAMENTO,CSU,25,38.555,-121.416,SACRAMENTO,AMERICAN R
CALLAHAN (USFS),CHA,3136,41.333,-122.833,SISKIYOU,SCOTT R
CAMANCHE RESERVOIR,CMN,236,38.225,-121.021,SAN JOAQUIN,MOKELUMNE R
CAMINO,CMI,3000,38.833,-120.533,EL DORADO,AMERICAN R
CAMP 9,CP9,3998,34.3532,-118.4186,LOS ANGELES,SANTA CLARA R
CAMP ANGELUS,CAG,5780,34.15,-116.978,SAN BERNARDINO,SANTA ANA R
CAMP SECO RAWS,CPS,399,36.7242,-118.9425,CALAVERAS,CALAVERAS R
CAMPTONVILLE (DWR),CAM,2755,39.451,-121.049,YUBA,YUBA R
CANYON DAM,CNY,4560,40.167,-121.083,PLUMAS,FEATHER R
CAPLES LAKE,CAP,8000,38.71,-120.042,ALPINE,AMERICAN R
CAPLES LAKE (PG&E),CPL,7800,38.707,-120.048,ALPINE,AMERICAN R
CARIBOU PH,CBO,2986,40.085,-121.15,PLUMAS,FEATHER R
CARPENTER RIDGE,CAR,4812,40.069,-121.582,BUTTE,BUTTE CR
CARSON PASS,CXS,8353,38.6924,-120.0021,ALPINE,AMERICAN R
CASA VIEJA MEADOWS,CSV,8300,36.19844437,-118.2716293,TULARE,KERN R
CASE SPRINGS PENDLETON,CSS,2320,33.445,-117.418,SAN DIEGO,SANTA MARGARITA R
CASHMAN,CSH,4520,40.0019,-120.916,PLUMAS,FEATHER R
CASTAIC,CAS,1535,34.5152,-118.6101,LOS ANGELES,SANTA CLARA R
CASTAIC LAKE OUTLET (CAS00000),CSO,1535,34.527,-118.611,LOS ANGELES,SANTA CLARA R
CATHEY'S VALLEY,CVR,1200,37.3803,-120.0769,MARIPOSA,SAN JOAQUIN R
CCWD MIDDLE RIVER PP ON VICTORIA CANAL,CCW,0,37.86654,-121.54379,CONTRA COSTA,DELTA
CCWD OLD RIVER PP NEAR DISCOVERY BAY,IDB,0,37.8833,-121.577,CONTRA COSTA,DELTA
CCWD ROCK SLOUGH PP NEAR BRENTWOOD,INB,0,37.996,-121.702,CONTRA COSTA,DELTA
CEDAR GROVE,CGR,4720,36.788,-118.659,TULARE,KINGS R
CEDAR PASS,CDP,7100,41.583,-120.303,MODOC,PIT R
CENT SIERRA SNOW LAB,CSL,6900,39.325,-120.367,NEVADA,YUBA R
CHAGOOPA PLATEAU,CHP,10300,36.49714279,-118.4467163,TULARE,KERN R
CHALLENGE RANGER STATION,CHL,3200,39.483,-121.217,YUBA,YUBA R
CHARLOTTE LAKE,CRL,10400,36.77772903,-118.4266052,FRESNO,KINGS R
CHECK 13 (O'NEILL INTAKE),ONI,176,37.091,-121.036,MERCED,SAN JOAQUIN R
CHECK 20,DM2,165,36.831,-120.433,FRESNO,SAN JOAQUIN R
CHECK 21,DM3,164,36.778,-120.374,FRESNO,SAN JOAQUIN R
CHEESEBORO,CHE,1650,34.1847,-118.7172,VENTURA,VENTURA LA COASTAL
CHERRY VALLEY DAM,CHV,4765,37.967,-119.917,TUOLUMNE,TUOLUMNE R
CHESTER,CHS,4525,40.283,-121.233,PLUMAS,FEATHER R
CHICAGO,CHG,210,38.652,-121.254,SACRAMENTO,AMERICAN R
CHICO,CHI,230,39.712,-121.783,BUTTE,BUTTE CR
CHILAO,CIO,5450,34.333,-118.033,LOS ANGELES,SAN GABRIEL R
CHILKOOT MEADOW,CHM,7150,37.41,-119.49,MADERA,SAN JOAQUIN R
CITY CREEK RANGER STATION,CKC,2610,34.186,-117.181,SAN BERNARDINO,SANTA ANA R
CLAREMONT,CMO,1645,34.137,-117.707,LOS ANGELES,LOS ANGELES R
CLARK TRAINING CENTER,CRK,1720,33.8772,-117.3042,RIVERSIDE,SAN JACINTO R
CLEAR CREEK,CLR,3300,40.639,-122.667,SHASTA,SACTO VLY NE
CLEAR CREEK NR IGO,IGO,673,40.51320648,-122.5241776,SHASTA,SACRAMENTO R
CLEAR CREEK RAWS,CEK,3000,34.271,-118.153,LOS ANGELES,LOS ANGELES R
CLEAR LK - CACHE CREEK,CLA,1336,38.957,-122.642,LAKE,CACHE CR
CLIFTON COURT,CLC,3,37.8298,-121.5574,CONTRA COSTA,DELTA
COFFEE CREEK RANGER STATION,CFF,2503,41.0894,-122.7086,TRINITY,TRINITY R
COFFEE RIDGE,CFR,3040,41.083,-122.717,TRINITY,TRINITY R
COHASSET,CST,1600,39.875278,-121.770554,BUTTE,SACRAMENTO R
COLFAX,CLF,2400,39.122,-120.951,PLACER,AMERICAN R
COLGATE PH,CGT,600,39.3308,-121.19,YUBA,YUBA R
COLLINS BALDY,CLB,5493,41.775,-122.9503,SISKIYOU,KLAMATH R
COLLINSVILLE,CLL,0,38.083,-121.833,SOLANO,DELTA
CONTRA COSTA,CNT,10,37.995,-121.7,CONTRA COSTA,DELTA
CONVERSE,CON,5618,34.194,-116.913,SAN BERNARDINO,SANTA ANA R
COOSKIE MOUNTAIN,CSM,2950,40.258,-124.25,HUMBOLDT,MATTOLE R
CORDELIA PUMPING PLANT (KG002111),CPP,2,38.2276,-122.1347,SOLANO,DELTA
CORNING AIRPORT,CRG,294,39.939,-122.17,TEHAMA,SACRAMENTO R
COSUMNES RIVER AT EAGLES NEST ROAD,EGN,100,38.485,-121.26,SACRAMENTO,COSUMNES R
COSUMNES RIVER AT MICHIGAN BAR,MHB,168,38.50018692,-121.0452194,SACRAMENTO,COSUMNES R
COTTONWOOD CREEK AUXILIARY GAGE,CWA,364,40.38709641,-122.2386093,TEHAMA,COTTONWOOD CR
COTTONWOOD CREEK NEAR BEEGUM,CTN,3400,40.317,-122.881,TEHAMA,COTTONWOOD CR
COTTONWOOD LAKES,CWD,10150,36.48382568,-118.1775513,INYO,OWENS R
COUNTY LINE RAWS NR WILBUR SPRINGS,CYW,2085,39.0189,-122.4119,COLUSA,CACHE CR
COURTRIGHT (PG&E),CTG,8192,37.072,-118.967,FRESNO,KINGS R
COVELO,CLO,1487,39.826111,-123.083191,MENDOCINO,EEL R
COW CREEK (USBR),CCE,2840,40.603,-121.853,SHASTA,SACTO VLY NE
COW CREEK NEAR MILLVILLE,COW,385,40.50487518,-122.2330551,SHASTA,SACRAMENTO R
COYOTE (LAKE MENDOCINO),COY,720,39.197,-123.186,MENDOCINO,RUSSIAN R
CRABTREE MEADOW,CBT,10700,36.56368256,-118.3479462,TULARE,KERN R
CRANE VALLEY RESERVOIR (PG&E),CRR,3400,37.291,-119.526,MADERA,SAN JOAQUIN R
CRANSTON,CNS,1950,33.74,-116.841,RIVERSIDE,SAN JACINTO R
CRESTVIEW,CVW,7600,37.745,-118.983,MONO,OWENS R
CROWDER FLAT,CWF,5100,41.8934,-120.7519,MODOC,KLAMATH R
CRYSTAL SPRINGS COTTAGE,CSC,343,37.496,-122.329,SAN MATEO,SAN MATEO CREEK
DAILY X2 CALCULATION,CX2,0,37.8333,-122.4167,SAN FRANCISCO,SF BAY
DANA MEADOWS,DAN,9800,37.897,-119.257,TUOLUMNE,TUOLUMNE R
DANVILLE LIBRARY,DVB,364,37.8208,-121.9956,CONTRA COSTA,SF BAY
DAVIS RANCH,DVR,550,40.35,-122.45,TEHAMA,COTTONWOOD CR
DAY CANYON,DYC,2240,34.168,-117.537,SAN BERNARDINO,LYTLE CR
DE SABLA (DWR),DES,2710,39.872,-121.61,BUTTE,BUTTE CR
DE SABLA (PG&E),DSB,2710,39.867,-121.617,BUTTE,BUTTE CR
DEADMAN CREEK,DDM,9250,38.33159637,-119.6541138,TUOLUMNE,STANISLAUS R
DEATH VALLEY,DTV,-194,36.467,-116.867,INYO,AMARGOSA R
DEER CK FOREBAY (PG&E),DRC,4455,39.3,-120.825,NEVADA,YUBA R
DEER CREEK DAM,DEC,2320,34.169,-117.502,SAN BERNARDINO,LYTLE CR
DEL VALLE,DVL,1278,34.431,-118.666,LOS ANGELES,SANTA CLARA R
DEL VALLE CHECK 7 (KB001638),DV7,500,37.6547,-121.7419,ALAMEDA,EAST BAY
DEL VALLE CONSERVATION OUTLET WORKS,DCO,542,37.6178,-121.7468,ALAMEDA,EAST BAY
DELTA OUTFLOW,DTO,0,38.059,-122.025,SOLANO,DELTA
DELTA RUNOFF ONE DAY CALCULATION,DRO,6,38.042,-121.642,CONTRA COSTA,DELTA
DESCANSO,DSC,3480,32.857,-116.622,SAN DIEGO,SAN DIEGO R
DEVIL CANYON 2ND AFTERBAY (KA041275),DC2,2000,34.2305,-117.3405,SAN BERNARDINO,SANTA ANA R
DEVIL'S POSTPILE,DPO,7569,37.6294,-119.0847,MADERA,SAN JOAQUIN R
DEVILS GARDEN,DVG,5022,41.522,-120.668,MODOC,PIT R
DEVORE,DEV,2070,34.221111,-117.404442,SAN BERNARDINO,LYTLE CR
DIABLO CANYON,DBC,1850,37.329,-121.302,STANISLAUS,SAN JOAQUIN R
DIAMOND LN PRECIP NR GLENCOE,DLP,2140,38.34315,-120.61837,CALAVERAS,MOKELUMNE R
DIAMOND VALLEY,DMV,1756,33.67,-117.066,RIVERSIDE,SANTA MARGARITA R
DIDDY WELLS,DDW,1300,40.7,-122.1,SHASTA,SACTO VLY NE
DINKY,DKY,5668,37.06639,-119.03944,FRESNO,KINGS R
DISMAL SWAMP,DSS,7050,41.993,-120.165,MODOC,SURPRISE VALLEY
DMC HEADWORKS,DMC,200,37.78,-121.588,ALAMEDA,DELTA
DOG HOUSE MEADOW,DGH,6100,37.7626,-119.785222,MARIPOSA,MERCED R
DON PEDRO RESERVOIR,DNP,830,37.702,-120.421,TUOLUMNE,TUOLUMNE R
DONNELLS,DON,4835,38.329,-119.96,TUOLUMNE,STANISLAUS R
DONNER LAKE (DWR),DNN,5945,39.333,-120.25,NEVADA,TRUCKEE R
DOS AMIGOS PUMPING PLANT,DSA,100,36.924097,-120.825577,MERCED,SAN JOAQUIN R
DOUGHTY CUT ABOVE GRANT LINE CANAL,DGL,18,37.815,-121.425,SAN JOAQUIN,SAN JOAQUIN R
DOWNIEVILLE,DNV,2920,39.5586,-120.8292,SIERRA,YUBA R
DOWNIEVILLE,DWV,2915,39.5667,-120.8333,SIERRA,YUBA R
DOYLE (BLM),DYE,4240,40.022,-120.106,LASSEN,SUSAN R
DOYLE CROSSING,DOY,5670,40.1192,-120.483,PLUMAS,FEATHER R
DRUM POWER HOUSE,DPH,3400,39.264,-120.767,PLACER,BEAR R
DRY CREEK AT MODESTO AT CLAUS ROAD,DCM,88,37.657,-120.923,STANISLAUS,TUOLUMNE R
DRY CREEK NEAR COULTERVILLE,DCC,728,37.654,-120.312,MARIPOSA,MERCED R
DUBLIN-SAN RAMON FIRE HOUSE,DBF,355,37.732,-121.927,CONTRA COSTA,EAST BAY
DUDLEY RANCH BELOW COULTERVILLE,DUC,3654,37.741,-120.133,MARIPOSA,MERCED R
DUDLEYS (MCDIARMID FIRE STATION),DDL,3000,37.72091,-120.09614,MARIPOSA,MERCED R
DUNCAN,DUN,7100,39.144,-120.509,PLACER,AMERICAN R
DUNSMUIR TREATMENT PLANT,DNM,2170,41.2,-122.267,SISKIYOU,SACRAMENTO R
DUTCH SLOUGH AT JERSEY ISLAND,DSJ,10,38.013,-121.671,CONTRA COSTA,SAN JOAQUIN R
DYER RESERVOIR,DYR,805,37.76184,-121.676111,CONTRA COSTA,DELTA
EAGLE CREEK,EGL,6700,35.983,-118.641,TULARE,TULE R
EAST CONTRA COUNTY ID PP#1,ECD,22,37.917863,-121.625999,CONTRA COSTA,DELTA
EAST PARK RESERVOIR,EPK,1205,39.367,-122.517,COLUSA,STONY CR
EASTSIDE BYPASS BLW MARIPOSA BYPASS,EBM,115,37.205,-120.6981,MERCED,SAN JOAQUIN R
EBBETTS PASS,EBB,8700,38.561,-119.808,ALPINE,CARSON R
ECHO LAKE CONDUIT,ECH,7420,38.831,-120.037,EL DORADO,AMERICAN R
ECHO PEAK 5,EP5,7800,38.849,-120.079,EL DORADO,LAKE TAHOE
EEL RIVER (USFS),EEL,1500,39.833,-123.083,MENDOCINO,EEL R
EEL RIVER AT FORT SEWARD,FSW,320,40.21820068,-123.6325302,HUMBOLDT,EEL R
EEL RIVER AT SCOTIA,SCO,160,40.49152374,-124.0997696,HUMBOLDT,EEL R
EEL RIVER BELOW LAKE PILLSBURY 24HR AVG,ELP,1740,39.4081,-122.9703,LAKE,EEL R
EEL RIVER BELOW VAN ARSDALE DAM 24HR AVG,EVA,1400,39.3886,-123.115,MENDOCINO,EEL R
EEL RIVER CAMP,ERC,470,40.138,-123.824,HUMBOLDT,EEL R
EEL RIVER SF NR MIRANDA (AT SYLVANDALE),MRD,218,40.18180847,-123.7761459,HUMBOLDT,EEL R
EL CARISO,ECA,3038,33.65,-117.41,RIVERSIDE,SAN JACINTO R
EL PORTAL,EPW,2073,37.675333,-119.787917,MARIPOSA,MERCED R
ELK GROVE FISH HATCHERY,ELG,45,38.421,-121.374,SACRAMENTO,COSUMNES R
ELK VALLEY,ELK,1705,41.988,-123.718,DEL NORTE,SMITH R
ELLERY LAKE,ERY,9645,37.93496704,-119.2322006,MONO,MONO LAKE
EMMATON (USBR),EMM,0,38.08396149,-121.7389221,SACRAMENTO,DELTA
ENGLEBRIGHT (USACE),ENG,551,39.239,-121.267,NEVADA,YUBA R
EUREKA WOODLEY ISLAND,ERK,20,40.8,-124.167,HUMBOLDT,EEL R
FALLEN LEAF LAKE,FLL,6250,38.932,-120.056,EL DORADO,LAKE TAHOE
FALLS CK NR HETCH HETCHY,FHH,5350,37.9708,-119.7633,TUOLUMNE,TUOLUMNE R
FALSE RIVER,FAL,0,38.0558,-121.6669,CONTRA COSTA,DELTA
FANCHER CREEK,FCH,920,36.8839,-119.4658,FRESNO,KINGS R
FAREWELL GAP,FRW,9500,36.41508865,-118.5789032,TULARE,KAWEAH R
FARMINGTON (SPILL ELEV 156.5 FT),FRM,180,37.915,-120.935,SAN JOAQUIN,LITTLEJOHN CR
FARMINGTON CENTRAL ID CANAL,FR1,180,37.915,-120.935,SAN JOAQUIN,LITTLEJOHN CR
FARMINGTON STOCKTON EAST CANAL,FR2,180,37.915,-120.935,SAN JOAQUIN,LITTLEJOHN CR
FARRAR PARK,FRP,0,38.012,-121.64,SAN JOAQUIN,DELTA
FEATHER RIVER AT MERRIMAC,MER,1560,39.709,-121.27,BUTTE,FEATHER R
FEATHER RIVER AT MILE 61.6,FRA,125,39.468,-121.597,BUTTE,FEATHER R
FEATHER RIVER AT OROVILLE,FTO,149,39.522,-121.547,BUTTE,FEATHER R
FEATHER RIVER NEAR GRIDLEY,GRL,92,39.36657715,-121.6473694,BUTTE,FEATHER R
FENCE MEADOW,FEN,5048,36.961,-119.175,FRESNO,KINGS R
FIDDLETOWN,FDL,2160,38.533,-120.7,AMADOR,COSUMNES R
FIGUEROA,FIG,3200,34.734,-120.007,SANTA BARBARA,SANTA YNEZ R
FISH CREEK MOUNTAINS,FIS,760,32.983,-116.058,IMPERIAL,WEST SALTON SEA
FISHERMANS CUT,FCT,4,38.067822,-121.648838,SAN JOAQUIN,SAN JOAQUIN R
FIVE MILE,FML,4150,35.872,-117.918,INYO,KINGS R
FLORENCE LAKE (SCE),FLR,7325,37.267,-118.967,FRESNO,SAN JOAQUIN R
FLOWER MOUNTAIN,FLW,1480,37.92,-120.6803,TUOLUMNE,STANISLAUS R
FOLSOM DAM - FOLSOM POINT (DYKE 8),FLD,350,38.693054,-121.129723,SACRAMENTO,AMERICAN R
FOLSOM LAKE,FOL,466,38.683,-121.183,SACRAMENTO,AMERICAN R
FOLSOM LAKE SAFCA WCD,FSF,466,38.683,-121.183,SACRAMENTO,AMERICAN R
FORBESTOWN,FBS,2840,39.517,-121.2661,BUTTE,FEATHER R
FORESTDALE CREEK,FDC,8017,38.6824,-119.9597,ALPINE,CARSON R
FORESTHILL R S,FRH,3015,39.017,-120.85,PLACER,AMERICAN R
FORNI RIDGE,FRN,7600,38.805,-120.213,EL DORADO,AMERICAN R
FOUNTAIN SPRINGS,FTS,210,35.8911,-118.9156,TULARE,KERN R
FOUR TREES,FOR,5150,39.812365,-121.322541,PLUMAS,FEATHER R
FREMONT CANYON,FMC,1750,33.8111,-117.708,ORANGE,SANTA ANA R
FRENCH MEADOWS,FMD,5263,39.112,-120.468,PLACER,AMERICAN R
FRENCHMAN DAM,FRD,5517,39.883,-120.183,PLUMAS,FEATHER R
FRESNO WB AIRPORT,FRO,328,36.767,-119.717,FRESNO,TULARE LAKE
FRIANT DAM,FRT,578,36.995,-119.692,FRESNO,SAN JOAQUIN R
FRIANT DAM (MILLERTON),MIL,581,37.001,-119.705,FRESNO,SAN JOAQUIN R
FRIANT DAM FK CANAL,MI2,581,37.001,-119.705,FRESNO,SAN JOAQUIN R
FRIANT DAM MADERA CANAL,MI1,581,37.001,-119.705,FRESNO,SAN JOAQUIN R
GASQUET RANGER STATION,GAS,384,41.85,-123.967,DEL NORTE,SMITH R
GEM PASS,GEM,10750,37.78,-119.17,MONO,MONO LAKE
GEORGETOWN (USBR),GTW,3250,38.925,-120.789,EL DORADO,AMERICAN R
GEORGETOWN RS (USFS),GRG,3001,38.933,-120.8,EL DORADO,AMERICAN R
GERLE LAKE,GLL,5860,39.033,-120.367,EL DORADO,AMERICAN R
GIANELLI MEADOW,GNL,8400,38.204308,-119.893188,TUOLUMNE,STANISLAUS R
GIANT FOREST (USACE),GNF,6650,36.562,-118.765,TULARE,KAWEAH R
GIBSON,GIB,1633,41.0225,-122.3992,SHASTA,SACRAMENTO R
GILMORE RANCH,GLR,220,38.045,-120.987,SAN JOAQUIN,CALAVERAS R
GIN FLAT,GIN,7050,37.767,-119.773,MARIPOSA,MERCED R
GIRARD,GRD,4800,41.133,-122.283,SHASTA,SACRAMENTO R
GLEN HELEN REGIONAL PARK,GLH,2040,34.209,-117.405,SAN BERNARDINO,LYTLE CR
GLENVILLE FS,GLV,3140,35.717,-118.7,KERN,KERN R
GOAT MOUNTAIN,GTM,4520,37.27,-119.543,MADERA,SAN JOAQUIN R
GOLD LAKE,GOL,6750,39.674783,-120.617179,SIERRA,FEATHER R
GOODWIN DAM,GDW,359,37.8628,-120.6297,CALAVERAS,STANISLAUS R
GOODWIN N MAIN (SSJ) CANAL,GDJ,359,37.875,-120.603,CALAVERAS,STANISLAUS R
GOODWIN S MAIN (OAKDALE) CANAL,GDS,359,37.875,-120.603,CALAVERAS,STANISLAUS R
GOODYEAR SLOUGH,GYS,0,38.118,-122.095,SOLANO,DELTA
GRANT GROVE,GRO,6600,36.733,-118.967,TULARE,KINGS R
GRANTLINE CANAL (USGS),GLC,10,37.8196,-121.5485,SAN JOAQUIN,SAN JOAQUIN R
GRANTLINE CANAL AT TRACY RD BRIDGE,GCT,25,37.82014465,-121.4498596,SAN JOAQUIN,SAN JOAQUIN R
GRASS VALLEY,GVY,2400,39.2056,-121.0672,NEVADA,YUBA R
GRASSHOPPER,GRS,6050,40.781666,-120.784447,LASSEN,SUSAN R
GRAVEYARD MEADOW,GRV,6900,37.465,-119.29,MADERA,SAN JOAQUIN R
GREEK STORE,GKS,5600,39.075,-120.558,PLACER,AMERICAN R
GREEN MOUNTAIN,GRM,7900,37.555,-119.238,MADERA,SAN JOAQUIN R
GREEN SPRINGS,GRN,1020,37.833,-120.5,TUOLUMNE,TUOLUMNE R
GREENVILLE,GRE,3560,40.1394,-120.9412,PLUMAS,FEATHER R
GREENVILLE RS,GNV,3570,40.133,-120.933,PLUMAS,FEATHER R
GRIZZLY RIDGE,GRZ,6900,39.917,-120.645,PLUMAS,FEATHER R
HAGANS MEADOW,HGM,8000,38.853,-119.94,EL DORADO,LAKE TAHOE
HARKNESS FLAT,HRK,6200,40.418,-121.275,LASSEN,FEATHER R
HARVEY O BANKS PUMPING P (KA000331),HBP,4,37.801944,-121.620278,CONTRA COSTA,DELTA
HARVEY O BANKS PUMPING PLANT,HRO,4,37.798,-121.623,CONTRA COSTA,DELTA
HASTINGS,HTG,1824,36.388,-121.551,MONTEREY,CARMEL R
HAT CREEK #1 PH (PG&E),HTC,3015,40.933,-121.55,LASSEN,PIT R
HAWKEYE,HKY,2000,38.727,-122.84,SONOMA,RUSSIAN R
HEAVENLY VALLEY,HVN,8800,38.929,-119.917,EL DORADO,LAKE TAHOE
HELL HOLE (PCWA),HHL,4630,39.058,-120.407,PLACER,AMERICAN R
HELL HOLE (USFS),HLH,4580,39.0717,-120.4217,PLACER,AMERICAN R
HENDRICKS CANAL,HDC,9999,39.934,-121.529,BUTTE,FEATHER R
HERNANDEZ,HDZ,3752,36.383,-120.854,SAN BENITO,SAN BENITO R
HETCH HETCHY,HTH,3870,37.95,-119.783,TUOLUMNE,TUOLUMNE R
HIDDEN DAM (HENSLEY),HID,561,37.2,-119.917,MADERA,FRESNO R
HIGHLAND LAKES,HIG,6030,41.093,-122.483,TRINITY,TRINITY R
HIGHLAND MEADOW,HHM,8700,38.48731232,-119.805748,ALPINE,MOKELUMNE R
HIGHLAND PEAK,HLD,2520,37.8145,-121.8084,CONTRA COSTA,DELTA
HILLCREST,HLC,3440,40.867,-121.883,SHASTA,PIT R
HIRZ,HRZ,3200,40.9,-122.25,SHASTA,SACRAMENTO R
HOADLEY,HDL,4580,40.683,-122.75,SHASTA,TRINITY R
HOCKETT MEADOW (USACE),HCK,8500,36.371,-118.651,TULARE,KAWEAH R
HOLLAND CUT NEAR BETHEL ISLAND,HOL,0,38.0164,-121.5819,SAN JOAQUIN,SAN JOAQUIN R
HOLLAND TRACT,HLL,0,38.008,-121.579,CONTRA COSTA,DELTA
HONEYDEW,HNY,370,40.23,-124.148,HUMBOLDT,MATTOLE R
HORSE MEADOW,HRS,8400,38.158,-119.662,TUOLUMNE,TUOLUMNE R
HORSE MEADOW (NRCS),HOR,8557,38.8365,-119.8873,ALPINE,CARSON R
HOSSACK,HSS,7100,36.181,-118.619,TULARE,TULE R
HULL MTN,HUL,6461,39.53333,-122.94833,MENDOCINO,EEL R
HUMBUG,HMB,6500,40.115,-121.368,PLUMAS,FEATHER R
HUNTINGTON LAKE (USBR),HNT,7000,37.228,-119.221,FRESNO,SAN JOAQUIN R
HUYSINK,HYS,6600,39.282,-120.527,PLACER,AMERICAN R
ICE HOUSE (SMUD),ICH,5454,38.824,-120.359,EL DORADO,AMERICAN R
INDEPENDENCE CAMP,IDC,7000,39.452588,-120.298548,SIERRA,TRUCKEE R
INDEPENDENCE CREEK,INN,6500,39.494,-120.293,SIERRA,TRUCKEE R
INDEPENDENCE LAKE (SCS),IDP,8450,39.435,-120.322,NEVADA,TRUCKEE R
INDEPENDENCE LAKE NEAR TRUCKEE,INP,6921,39.452,-120.29,SIERRA,TRUCKEE R
INDIAN VALLEY,INV,1502,39.083,-122.533,LAKE,CACHE CR
INDIAN WELLS CANYON,IWC,4000,35.685,-117.8894,KERN,MOJAVE DESERT
ISABELLA DAM,ISB,2635,35.646,-118.473,KERN,KERN R
JARBO GAP,JAR,2700,39.736,-121.489,BUTTE,FEATHER R
JAWBONE,JWB,4300,35.295,-118.226,KERN,MOJAVE DESERT
JERSEY POINT,JER,0,38.05199051,-121.6888046,CONTRA COSTA,DELTA
JERSEYDALE,JSD,3900,37.542,-119.84,MARIPOSA,MERCED R
JORDAN PEAK,JDP,6812,40.036,-120.2889,PLUMAS,FEATHER R
JUDGE F CARR PH,JCR,9999,40.647,-122.626,SHASTA,SACTO VLY WEST
JULIAN,JUL,4240,33.076,-116.591,SAN DIEGO,SAN DIEGO R
JUNCTION,JNC,4468,38.853,-120.453,EL DORADO,AMERICAN R
JUNIPER CREEK,JUC,4700,41.328,-120.467,MODOC,PIT R
KAISER POINT,KSP,9200,37.3,-119.1,FRESNO,SAN JOAQUIN R
KEENWILD,KNW,4920,33.714,-116.714,RIVERSIDE,SAN JACINTO R
KELLY RIDGE POWER PLANT,KLL,180,39.533,-121.483,BUTTE,FEATHER R
KERN CANYON PH (PG&E),KPH,570,35.433,-118.783,KERN,KERN R
KERN PH 3,KP3,2703,35.77590179,-118.436058,KERN,KERN R
KERN POWER HOUSE INTAKE,KPI,3654,35.9458,-118.47686,KERN,KERN R
KERN R INTAKE NO. 3,KR3,3650,35.95,-118.48,KERN,KERN R
KERNVILLE (USFS),KRN,2720,35.755,-118.425,KERN,KERN R
KESWICK (WATER QUALITY),KWK,596,40.60098267,-122.444458,SHASTA,SACRAMENTO R
KESWICK RESERVOIR,KES,596,40.601,-122.443,SHASTA,SACRAMENTO R
KETTLE ROCK,KTL,7300,40.14,-120.715,PLUMAS,FEATHER R
KETTLEMAN HILLS,KTT,810,36.033,-120.057,KINGS,TULARE LAKE
KLAMATH RIVER AT ORLEANS,OLS,430,41.30345917,-123.5345001,HUMBOLDT,KLAMATH R
KLAMATH RIVER NEAR KLAMATH,KNK,60,41.51095581,-123.9795151,DEL NORTE,KLAMATH R
KNOCTI RAWS (MT. KONOCTI),KTI,2163,38.9118,-122.7063,LAKE,CACHE CR
KNOXVILLE CREEK,KNO,2200,38.8619,-122.4172,LAKE,PUTAH CR
LA PANZA,LPZ,1650,35.3806,-120.1881,SAN LUIS OBISPO,SALINAS R
LA PORTE (DWR),LAP,4980,39.681,-120.983,PLUMAS,FEATHER R
LADDER BUTTE,LDB,5700,40.817,-121.317,LASSEN,PIT R
LAKE ALMANOR,ALM,4600,40.218,-121.173,PLUMAS,FEATHER R
LAKE CTY RAWS1 (COBB MT),LC1,4725,38.8064,-122.7405,LAKE,LAKE TAHOE
LAKE DAVIS (DWR),DAV,5768,39.883,-120.467,PLUMAS,FEATHER R
LAKE LOIS,LOS,8600,38.925,-120.197,EL DORADO,AMERICAN R
LAKE NATOMA (NIMBUS DAM),NAT,132,38.65,-121.183,SACRAMENTO,AMERICAN R
LAKE PALMDALE,LPA,2980,34.5372,-118.1014,LOS ANGELES,MOJAVE DESERT
LAKE PILLSBURY NR POTTER VLY 24HR AVG,LPY,1828,39.4083,-122.9583,LAKE,EEL R
LAKE SPAULDING (PG&E),LSP,5156,39.317,-120.633,NEVADA,YUBA R
LAKE VALLEY CANAL,LVC,5410,39.299,-120.642,PLACER,AMERICAN R
LAKE VALLEY RESERVOIR,LVY,5855,39.3,-120.583,PLACER,AMERICAN R
LAKESHORE,LKS,1100,40.867,-122.383,SHASTA,SACRAMENTO R
LAS TABLAS,LTB,900,35.656387,-120.924164,SAN LUIS OBISPO,SALINAS R
LAS TRAMPAS,LTR,1760,37.834,-122.067,CONTRA COSTA,EAST BAY
LASSEN LODGE,LAS,4120,40.35,-121.7,TEHAMA,SACRAMENTO R
LAURAL MOUNTAIN,LRM,4390,35.4783,-117.6992,KERN,CHINA LAKE
LAYTONVILLE,LAY,1838,39.702,-123.485,MENDOCINO,EEL R
LEAVITT LAKE,LVT,9600,38.282,-119.621,MONO,WALKER R
LEAVITT MEADOWS,LVM,7200,38.305,-119.552,MONO,WALKER R
LEO CARRILLO STATE PARK,LCL,50,34.046,-118.936,LOS ANGELES,VENTURA LA COASTAL
LEWISTON,LEW,1870,40.727,-122.793,TRINITY,TRINITY R
LINCOLN,LCN,200,38.882,-121.272,PLACER,AMERICAN R
LITTLE GRASS VALLEY,LGV,5047,39.724,-121.019,PLUMAS,FEATHER R
LITTLE TUJUNGA,LTJ,1390,34.294,-118.361,LOS ANGELES,LOS ANGELES R
LIVE OAK CANYON - LIVE OAK DAM,LVO,1510,34.134,-117.744,LOS ANGELES,LOS ANGELES R
LOBDELL LAKE,LBD,9200,38.44,-119.377,MONO,WALKER R
LODGEPOLE,LDG,6735,36.6,-118.733,TULARE,KAWEAH R
LOG SPRING,LGS,5100,39.833,-122.783,TEHAMA,SACTO VLY WEST
LOON LAKE (SMUD),LON,6410,38.983,-120.323,EL DORADO,AMERICAN R
LOS ANGELES / USC,USC,185,34.021667,-118.291389,LOS ANGELES,LOS ANGELES R
LOS BANOS (CDF),LBN,350,37.053,-121.049,MERCED,SAN JOAQUIN R
LOST HORSE,LTH,4100,34.017,-116.183,RIVERSIDE,WHITEWATER R
LOWER CRYSTAL SPRINGS,LCS,424,37.5325,-122.363,SAN MATEO,SAN MATEO CREEK
LOWER KIBBIE RIDGE,KIB,6700,38.032,-119.877,TUOLUMNE,TUOLUMNE R
LOWER LASSEN PEAK,LLP,8250,40.46660233,-121.50811,SHASTA,FEATHER R
LOWER RELIEF VALLEY,REL,8100,38.243,-119.758,TUOLUMNE,STANISLAUS R
LYONS RESERVOIR,LYS,4134,38.094,-120.166,TUOLUMNE,STANISLAUS R
LYONS VALLEY,LYO,3200,39.125,-123.071,LAKE,RUSSIAN R
LYTLE CREEK,LYC,2792,34.234,-117.48,SAN BERNARDINO,SANTA ANA R
MAD RIVER (USFS),MDF,2775,40.463,-123.524,TRINITY,MAD R
MAD RIVER NEAR ARCATA,ARC,33,40.90985107,-124.0606155,HUMBOLDT,MAD R
MAGOON,MGN,3150,37.4894,-119.8125,MARIPOSA,FRESNO R
MALIBU,MLB,1575,34.0617,-118.644,LOS ANGELES,VENTURA LA COASTAL
MALIBU CANYON,MCY,610,34.0839,-118.7033,LOS ANGELES,VENTURA LA COASTAL
MALLORY RIDGE,MLR,2040,37.817,-121.779,CONTRA COSTA,DELTA
MAMMOTH PASS (USBR),MHP,9300,37.61,-119.033,MONO,OWENS R
MANZANITA LAKE (CDF),MNZ,5750,40.543,-121.582,SHASTA,SACTO VLY NE
MAPEL RANCH,MAP,2640,36.039,-120.483,FRESNO,JACALITOS CR
MARIPOSA CREEK DAM,MAR,459,37.292,-120.147,MARIPOSA,MERCED R
MARIPOSA GROVE,MPG,6400,37.5,-119.6,MARIPOSA,MERCED R
MARIPOSA RANGER STATION,MRP,2250,37.504166,-119.986946,MARIPOSA,MERCED R
MARLETTE LAKE,MRL,8000,39.173,-119.905,State of Nevada,LAKE TAHOE
MARTINEZ,MRZ,8,38.02763748,-122.1404877,CONTRA COSTA,EAST BAY
MARTIS CREEK RESERVOIR,MRT,5745,39.327,-120.113,NEVADA,TRUCKEE R
MCCLOUD,MLD,3280,41.25,-122.133,SHASTA,MC CLOUD R
MCCLOUD DAM (PG&E),MCL,2690,41.13,-122.071,SHASTA,MC CLOUD R
MCCLOUD RIVER ABOVE SHASTA LAKE,MSS,1100,40.958,-122.219,SHASTA,MC CLOUD R
MEADOW LAKE,MDW,7200,39.40607452,-120.5062561,NEVADA,YUBA R
MEADOWBROOK (PG&E),MBR,8021,37.082,-118.863,FRESNO,KINGS R
MEANS LAKE,MNS,2900,34.391,-116.517,SAN BERNARDINO,WHITEWATER R
MEDICINE LAKE,MED,6700,41.5869,-121.6131,SISKIYOU,PIT R
MENDEZ RANCH,MDZ,322,38.062,-120.924,STANISLAUS,CALAVERAS R
MERCED R AT POHONO BR NR YOSEMITE,POH,3862,37.71687317,-119.666275,MARIPOSA,MERCED R
MERCED R NR MERCED FALLS,MRC,311,37.522,-120.331,MERCED,MERCED R
MERCED RIVER AT CRESSY,CRS,165,37.425,-120.663,MERCED,MERCED R
MERCED RIVER NEAR BRICEBURG,MBB,1150,37.5989,-119.9781,MARIPOSA,MERCED R
MERCED RIVER NEAR SNELLING,MSN,260,37.502,-120.451,MERCED,MERCED R
MERCED RIVER NEAR STEVINSON,MST,82,37.371,-120.931,MERCED,MERCED R
METCALF GAP,MCF,3300,37.41,-119.765,MADERA,FRESNO R
MF TUOLUMNE R NR OAKLAND REC CAMP,MTO,2800,37.8283,-120.1081,TUOLUMNE,TUOLUMNE R
MIDDLE BOULDER 3,MB3,6200,41.225,-122.811,SISKIYOU,SCOTT R
MIDDLE RIVER AT HOWARD ROAD BRIDGE,MHR,20,37.877,-121.384,SAN JOAQUIN,SAN JOAQUIN R
MIDDLE RIVER AT MIDDLE RIVER,MDM,10,37.943,-121.534,SAN JOAQUIN,DELTA
MIDDLE RIVER AT TRACY BLVD,MTB,20,37.881,-121.456,SAN JOAQUIN,SAN JOAQUIN R
MIDDLE YUBA RIVER BELOW OUR HOUSE DAM,ORH,1958,39.412,-120.997,YUBA,YUBA R
MILL CREEK BELOW HWY 99,MCH,230,40.04005814,-122.1046295,TEHAMA,SACRAMENTO R
MILL CREEK NEAR YUCAIPA,MLL,2950,34.083,-117.035,SAN BERNARDINO,SANTA ANA R
MILL CREEK NR LOS MOLINOS,MLM,385,40.05460358,-122.0241547,TEHAMA,SACRAMENTO R
MINER SLOUGH NEAR SACRAMENTO RIVER,MIR,5,38.236027,-121.666055,SOLANO,SACRAMENTO R
MINERAL,MIN,4957,40.348,-121.609,TEHAMA,SACTO VLY NE
MINERAL (DWR-2),MIM,4875,40.35,-121.6,TEHAMA,SACTO VLY NE
MINERAL (OBSERVER),MNR,4875,40.35,-121.6,TEHAMA,SACTO VLY NE
MIOCENE CANAL,MIC,1000,39.69,-121.56,BUTTE,FEATHER R
MITCHELL MEADOW,MTM,9900,36.737,-118.712,TULARE,KINGS R
MOCCASIN,MCN,938,37.82,-120.3,TUOLUMNE,TUOLUMNE R
MOJAVE RIVER SINK,MOJ,950,35.058,-116.083,SAN BERNARDINO,MOJAVE R
MOKELUMNE-MOKELUMNE HILL,MKM,575,38.313,-120.719,AMADOR,MOKELUMNE R
MONITOR PASS,MNT,8350,38.67,-119.615,ALPINE,CARSON R
MONTCLAIR,MOC,1208,34.094,-117.682,SAN BERNARDINO,SAN ANTONIO CR (SOUTH COAST)
MONTECITO,MTC,1500,34.46,-119.643,SANTA BARBARA,S BARBARA COAST
MONTEREY AIRPORT,MTY,217,36.590557,-121.847504,MONTEREY,CARMEL R
MORMON ROCK,MRN,3300,34.317,-117.502,SAN BERNARDINO,LYTLE CR
MOUNT ELIZABETH,MTE,4933,38.057,-120.241,TUOLUMNE,TUOLUMNE R
MOUNT ROSE SKI AREA,MSK,8900,39.326,-119.902,State of Nevada,LAKE TAHOE
MOUNT SHASTA,MTS,3545,41.313,-122.316,SISKIYOU,SACRAMENTO R
MOUNT SHASTA CITY,MSC,3590,41.317,-122.317,SISKIYOU,SACRAMENTO R
MOUNT SHASTA CITY (DWR-2),MSM,3590,41.317,-122.317,SISKIYOU,SACRAMENTO R
MOUNTAIN HOME,MNH,5400,36.242,-118.71,TULARE,TULE R
MOUNTAIN MEADOWS,MMW,5046,40.283,-121.017,LASSEN,FEATHER R
MOUNTAIN REST,MTF,4100,37.054,-119.371,FRESNO,SAN JOAQUIN R
MT SHASTA,MTA,3550,41.315,-122.317,SISKIYOU,SACRAMENTO R
MT. ZION,MTZ,2968,38.39,-120.6525,AMADOR,MOKELUMNE R
MUCK VALLEY DIVERSION (PG&E),MVD,4300,41.015,-121.155,SHASTA,PIT R
MUD SLOUGH NR GUSTINE,MSG,70,37.2625,-120.9056,MERCED,SAN JOAQUIN R
MUD SPRINGS,MUD,3400,40.717,-123.283,TRINITY,TRINITY R
MUMBO BASIN,MUM,5650,41.197,-122.523,TRINITY,TRINITY R
MURRAY CK NR SAN ANDREAS,MSA,880,38.2116,-120.6751,CALAVERAS,MOKELUMNE R
N FK CACHE CK NR CLEARLAKE OAKS 8NE,NCL,1840,39.16556,-122.61889,LAKE,CACHE CR
N FK CALAVERAS CK NR MOKELUMNE HILL,CMK,920,38.2819,-120.6701,CALAVERAS,MOKELUMNE R
N FK WILLOW CK NR SUGAR PINE,NFW,5200,37.3978,-119.5592,MADERA,SAN JOAQUIN R
NAPA RIVER NEAR NAPA,NAP,25,38.36824417,-122.3033066,NAPA,NAPA R
NAPA RIVER NEAR ST HELENA,STH,195,38.51129913,-122.4558105,NAPA,NAPA R
NATIONAL STEEL,NSL,0,38.1221,-121.8881,SOLANO,SACRAMENTO R
NATURE POINT,NTP,5150,37.342,-119.36,MADERA,SAN JOAQUIN R
NELSON ST TAYLORSVILLE,TAY,3540,40.0793,-120.8357,PLUMAS,FEATHER R
NEVADA CITY,NVD,2781,39.25,-121.001,NEVADA,YUBA R
NEW BULLARDS BAR,BUL,1965,39.393,-121.14,YUBA,YUBA R
NEW EXCHEQUER-LK MCCLURE,EXC,879,37.585,-120.27,MARIPOSA,MERCED R
NEW HOGAN LAKE,NHG,554,38.152,-120.812,CALAVERAS,CALAVERAS R
NEW HOGAN WEATHER,NHW,554,38.1508,-120.8156,CALAVERAS,CALAVERAS R
NEW MELONES,NMS,1400,37.948,-120.525,CALAVERAS,STANISLAUS R
NEW MELONES RESERVOIR,NML,1135,37.9481,-120.525,CALAVERAS,STANISLAUS R
NEWCASTLE-PINEVIEW SCHOOL,NCS,890,38.874,-121.135,PLACER,AMERICAN R
NEWHALL PASS,NHP,2135,34.3369,-118.5203,LOS ANGELES,SANTA CLARA R
NF AMERICAN R AT NORTH FORK DAM,NFD,715,38.93600845,-121.0238342,PLACER,AMERICAN R
NOEL SPRING,NLS,5100,39.538,-122.667,GLENN,STONY CR
NORTH FORK R S,NFR,2630,37.233,-119.5,MADERA,SAN JOAQUIN R
NORTH MOKELUMNE R @ W WALNUT GROVE RD,NMR,0,38.2232,-121.5071,SAN JOAQUIN,MOKELUMNE R
NORTH SAN ANDREAS,NSN,617,37.612,-122.443,SAN MATEO,SAN MATEO CREEK
NORTHERN SIERRA 8-STATION PRECIP INDEX,8SI,0,39.9,-120.9,PLUMAS,SACRAMENTO R
O&M REAL TIME MONITORING TEST STATION,OMT,13,38.5755,-121.4977,SACRAMENTO,SACRAMENTO R
O'NEILL FOREBAY @ GIANELLI PUMPING PLANT,ONG,0,37.0666,-121.0719,MERCED,SAN JOAQUIN R
OAK GROVE,OKG,2752,33.393,-116.795,SAN DIEGO,SANTA MARGARITA R
OAK KNOLL,OKK,1940,41.833,-123.833,DEL NORTE,SMITH R
OAKHURST,OKH,2360,37.3447,-119.6758,MADERA,FRESNO R
OAKLAND NORTH,ONO,1500,37.867,-122.217,ALAMEDA,EAST BAY
OAKLAND SOUTH,OSO,1000,37.7881,-122.1436,ALAMEDA,EAST BAY
OGO RANGER STATION,OGO,1300,40.423,-122.737,SHASTA,COTTONWOOD CR
OJAI,OJA,765,34.448,-119.23,VENTURA,SAN ANTONIO CR (SOUTH COAST)
OLD & MIDDLE RVRS TIDALLY FILTERED EST,OMR,10,37.97,-121.5711,SAN JOAQUIN,DELTA
OLD RIVER AT BACON ISLAND (USGS),OBI,10,37.96936798,-121.5722198,SAN JOAQUIN,DELTA
OLD RIVER AT CONEY ISLAND,CIS,5,37.84589386,-121.5379715,SAN JOAQUIN,SAN JOAQUIN R
OLD RIVER AT DELTA MENDOTA CANAL,ODM,10,37.8102951,-121.5421448,SAN JOAQUIN,DELTA
OLD RIVER AT FRANKS TRACT NEAR TERMINOUS,OSJ,0,38.0711,-121.5789,SAN JOAQUIN,DELTA
OLD RIVER AT HEAD,OH1,15,37.80755234,-121.3312531,SAN JOAQUIN,SAN JOAQUIN R
OLD RIVER NEAR DMC ABOVE DAM,OAD,4,37.81032181,-121.5421066,SAN JOAQUIN,SAN JOAQUIN R
OLD RIVER NEAR DMC BELOW DAM,OBD,4,37.81096268,-121.5439377,SAN JOAQUIN,SAN JOAQUIN R
OLD RIVER NEAR TRACY,OLD,5,37.80480957,-121.4495621,SAN JOAQUIN,DELTA
OREGON CREEK BELOW LOG CABIN,LCB,1913,39.445,-121.058,YUBA,YUBA R
ORESTIMBA CK AT RIVER RD NR CROWS LNDG,OCL,65,37.41354752,-121.0160446,STANISLAUS,SAN JOAQUIN R
OROVILLE 8 STATION WETNESS INDEX,O8I,6000,39.623,-120.678,SIERRA,FEATHER R
OROVILLE DAM,ORO,900,39.54,-121.493,BUTTE,FEATHER R
OROVILLE DAM SPILLWAY WEATHER STATION,OWS,880,39.543,-121.491,BUTTE,FEATHER R
OSTRANDER LAKE,STR,8200,37.637,-119.55,MARIPOSA,MERCED R
OUR HOUSE DAM,OHD,1960,39.412,-120.9964,YUBA,YUBA R
OWENS CREEK DAM,OWN,424,37.282,-120.187,MARIPOSA,MERCED R
OWENS VALLEY,OVC,4640,37.39,-118.55,INYO,OWENS R
OZENA,OZN,3670,34.682,-119.354,VENTURA,CUYAMA R
PACHECO PUMPING PLANT (SLR00000),PPP,548,37.0619,-121.1806,MERCED,SAN JOAQUIN R
PACIFIC HOUSE,PFH,3440,38.76,-120.5,EL DORADO,AMERICAN R
PACIFIC HOUSE (DWR-2),PHM,3400,38.765,-120.5,EL DORADO,AMERICAN R
PACIFIC HOUSE (OBSERVER),PCF,3400,38.765,-120.5,EL DORADO,AMERICAN R
PAJARO RIVER AT CHITTENDEN,CHT,82,36.90023041,-121.5977249,SANTA CRUZ,PAJARO R
PALM SPRINGS AIRPORT,PLM,474,33.822224,-116.503609,RIVERSIDE,WHITEWATER R
PANAMINT,PAN,6880,36.117,-117.083,INYO,AMARGOSA R
PARADISE,PDE,1750,39.7536,-121.6247,BUTTE,FEATHER R
PARADISE MEADOW,PDS,7650,38.047,-119.67,TUOLUMNE,TUOLUMNE R
PARDEE,PAR,568,38.25,-120.85,CALAVERAS,MOKELUMNE R
PARKFIELD,PKF,1535,35.899,-120.432,MONTEREY,SALINAS R
PARROT DIV FROM BUTTE CREEK,BPD,269,39.70890427,-121.7541885,BUTTE,BUTTE CR
PASCOES,PSC,9150,35.967,-118.35,TULARE,KERN R
PASO ROBLES AIRPORT,PSB,836,35.673054,-120.626114,SAN LUIS OBISPO,SALINAS R
PATTERSON MTN REPEATER,PMR,8140,36.9564,-119.0508,FRESNO,KINGS R
PECKINPAH,PCK,5150,37.25,-119.458,MADERA,SAN JOAQUIN R
PERRIS,PRR,1600,33.858,-117.183,RIVERSIDE,SAN JACINTO R
PERRY RANCH,PRY,315,38.149,-120.922,CALAVERAS,CALAVERAS R
PETERSON FLAT,PET,7150,41.3023,-122.5277,TRINITY,TRINITY R
PIKE COUNTY,PKC,3714,39.475,-121.202,YUBA,YUBA R
PILARCITOS DAM,PLD,700,37.548,-122.422,SAN MATEO,SAN MATEO CREEK
PILOT PEAK (DWR),PLP,6800,39.78589249,-120.8777771,PLUMAS,FEATHER R
PINE FLAT DAM,PNF,970,36.833,-119.325,FRESNO,KINGS R
PINE FLAT WEATHER,PFW,610,36.8236,-119.3369,FRESNO,KINGS R
PINECREST (PG&E),PCR,5600,38.2,-119.983,TUOLUMNE,STANISLAUS R
PINEHURST,PNT,4060,36.68528,-119,FRESNO,KINGS R
PIRU,PIU,624,34.404,-118.81,VENTURA,SANTA CLARA R
PIT #1 PH (PG&E),PR1,2880,41,-121.498,SHASTA,PIT R
PIT #3 PH (PG&E),PR3,2100,40.998,-121.747,SHASTA,PIT R
PIT #5 PH (PG&E),PR5,1458,40.987,-121.978,LASSEN,PIT R
PIT RIVER NEAR CANBY,PCN,4266,41.40600204,-120.927742,MODOC,PIT R
PITTSBURG,PTS,10,38.033,-121.883,CONTRA COSTA,DELTA
PIUTES FS,PTE,6440,35.4456,-118.2789,KERN,MOJAVE DESERT
PLACERVILLE,PCV,1850,38.7,-120.82,EL DORADO,AMERICAN R
PLACERVILLE WEATHER STATION,PWS,1858,38.69543,-120.8243,EL DORADO,AMERICAN R
PLUMAS EUREKA ST PARK WEATHER STATION,EWS,5107,39.75778,-120.69611,PLUMAS,FEATHER R
POISON FLAT,PSN,7900,38.501,-119.631,ALPINE,CARSON R
POISON RIDGE,PSR,6900,37.403,-119.52,MADERA,SAN JOAQUIN R
PORT CHICAGO,PCT,0,38.059,-122.025,CONTRA COSTA,DELTA
PORTOLA,PRT,4850,39.8,-120.467,PLUMAS,FEATHER R
POTRERO,POT,2350,32.605,-116.609,SAN DIEGO,SWEETWATER R
POTTER VALLEY,PTV,1080,39.3644,-123.1272,MENDOCINO,RUSSIAN R
POTTER VALLEY PG&E - 24HR AVG,PVY,1080,39.362,-123.127,MENDOCINO,RUSSIAN R
POTTER VALLEY PH,PVP,1020,39.367,-123.133,MENDOCINO,RUSSIAN R
POVERTY,POV,2066,37.443056,-121.770556,SANTA CLARA,ALAMEDA CR
PRADO DAM,PRA,566,33.89,-117.643,RIVERSIDE,SANTA ANA R
PRATTVILLE (PG&E),PVL,4520,40.209,-121.157,PLUMAS,FEATHER R
PRISONERS POINT,PPT,0,38.066,-121.562,SAN JOAQUIN,DELTA
PROSSER CREEK RESERVOIR,PRS,5622,39.3794,-120.1367,NEVADA,TRUCKEE R
PULGAS,PUL,644,37.475,-122.298,SAN MATEO,SAN MATEO CREEK
PUTAH CK BLW DRY CK AT MIDDLETOWN,PBM,1080,38.76,-122.6153,LAKE,PUTAH CR
PYRAMID,PYM,2606,34.633,-118.75,LOS ANGELES,U SANTA CLARA R
QUAKING ASPEN,QUA,7200,36.11753845,-118.5399399,TULARE,TULE R
QUARTZ HILL,QTZ,4238,41.6,-122.929,SISKIYOU,SCOTT R
QUINCY (DWR),QCY,3408,39.935,-120.95,PLUMAS,FEATHER R
QUINCY (DWR-2),QRM,3420,39.9366,-120.9475,PLUMAS,FEATHER R
QUINCY RADIO STATION,QRD,3420,39.9366,-120.9475,PLUMAS,FEATHER R
QUINCY RANGER DISTRICT,QYR,3500,39.975,-120.941,PLUMAS,FEATHER R
QUINCY RS (USFS),QNC,3420,39.96,-120.95,PLUMAS,FEATHER R
RAILROAD FLAT,RRF,2720,38.314,-120.543,CALAVERAS,CALAVERAS R
RAINBOW DIVERSION DAM,RBW,1297,39.371,-122.605,COLUSA,STONY CR
RANCHITA,RAN,3450,33.222221,-116.497498,SAN DIEGO,SAN LUIS REY R
RANCHO CORDOVA,RNC,72,38.604,-121.311,SACRAMENTO,AMERICAN R
RATTLESNAKE,RTL,6100,40.125,-121.043,PLUMAS,FEATHER R
RAVENDALE,RAV,5298,40.731,-120.316,LASSEN,SUSAN R
READER RANCH,RDH,2025,39.304,-121.117,NEVADA,YUBA R
RED ROCK MOUNTAIN,RRM,6700,41.023,-122.885,TRINITY,TRINITY R
REDDING,RED,500,40.516,-122.291,SHASTA,SACRAMENTO R
REDDING AIRPORT,RDD,502,40.5,-122.3,SHASTA,SACTO VLY NE
REDDING FIRE STATION,RFS,740,40.5736,-122.4193,SHASTA,SACTO VLY NE
REDWOOD CREEK AT ORICK,ORK,36,41.2992897,-124.0511856,HUMBOLDT,REDWOOD CR
RELIEF,RLF,7220,38.267,-119.733,TUOLUMNE,STANISLAUS R
RICE VALLEY,RIC,820,34.063,-114.707,RIVERSIDE,COLORADO R
RIO VISTA,RIV,0,38.159737,-121.686355,SOLANO,DELTA
RIPON,RPN,35,37.73,-121.109,SAN JOAQUIN,STANISLAUS R
RIVERSIDE AIRPORT,RVE,827,33.951946,-117.444168,RIVERSIDE,SANTA ANA R
ROBBS POWERHOUSE,RBP,5150,38.90238,-120.376543,EL DORADO,AMERICAN R
ROBBS SADDLE,RBB,5900,38.911534,-120.379299,EL DORADO,AMERICAN R
ROBIDART RANCH,RBR,315,38.137,-121.031,SAN JOAQUIN,CALAVERAS R
ROBINSON COW CAMP,RCC,6480,39.6219,-120.68,SIERRA,YUBA R
ROCK CAMP,RCM,4924,34.288,-117.213,SAN BERNARDINO,MOJAVE DESERT
ROCK CREEK LAKES,RCK,9700,37.45730209,-118.7350693,INYO,OWENS R
ROCK CREEK NEAR MAMMOTH LAKES,RKC,7040,37.551,-118.667,MONO,OWENS R
RODDY RANCH GOLF CLUB,RRG,403,37.9236,-121.7858,CONTRA COSTA,EAST BAY
ROGERS CAMP,RGC,6200,36.108,-118.637,TULARE,TULE R
ROSE PEAK,RSP,3060,37.502,-121.736,ALAMEDA,EAST BAY
ROSE VALLEY,ROV,3331,34.536,-119.184,VENTURA,U SANTA CLARA R
ROUGH AND READY ISLAND,RRI,15,37.963,-121.365,SAN JOAQUIN,SAN JOAQUIN R
ROUND MOUNTAIN (CDF),RND,5258,41.42,-121.458,SISKIYOU,PIT R
RUBICON LAKE,RBL,6800,38.967,-120.217,EL DORADO,AMERICAN R
RUBICON PEAK 2,RP2,7500,39.001,-120.14,EL DORADO,LAKE TAHOE
RUSH CREEK POWER HOUSE,RSH,7240,37.769,-119.131,MONO,MONO LAKE
RUSSIAN RIVER AT CLOVERDALE,CLV,107,38.87934875,-123.0536118,MENDOCINO,RUSSIAN R
RUSSIAN RIVER NEAR HACIENDA BRIDGE,HAC,20,38.50852203,-122.9277725,SONOMA,RUSSIAN R
RUSSIAN RIVER NEAR HEALDSBURG,HEA,108,38.6132431,-122.83638,SONOMA,RUSSIAN R
RUSSIAN RIVER NEAR HOPLAND,HOP,498,39.02656174,-123.1305618,MENDOCINO,RUSSIAN R
RUTH LAKE,RTH,2700,40.319,-123.372,HUMBOLDT,MAD R
SACATA REPEATER,SC1,3520,36.9153,-119.2075,FRESNO,KINGS R
SACRAMENTO EXECUTIVE AIRPORT,SAE,21,38.506943,-121.495003,SACRAMENTO,SACRAMENTO R
SACRAMENTO INTERNATIONAL AIRPORT,SMF,17,38.686,-121.587,SACRAMENTO,SACTO VLY WEST
SACRAMENTO R AT HAMILTON CITY-MAIN CH,HMC,145,39.75092316,-121.997879,GLENN,SACRAMENTO R
SACRAMENTO R AT ORD FERRY-MAIN CHANNEL,ORD,115,39.62813187,-121.9931793,GLENN,SACRAMENTO R
SACRAMENTO R AT RED BLUFF DIVERSION DAM,RDB,236,40.15436172,-122.2019501,TEHAMA,SACRAMENTO R
SACRAMENTO R DOWNSTREAM OF ISLETON,SOI,5,38.17548,-121.656863,SACRAMENTO,SACRAMENTO R
SACRAMENTO RIVER AT BEND BRIDGE,BND,286,40.28848648,-122.1866608,TEHAMA,SACRAMENTO R
SACRAMENTO RIVER AT BUTTE CITY,BTC,99,39.45783997,-121.9941635,GLENN,SACRAMENTO R
SACRAMENTO RIVER AT COLUSA,COL,-3,39.21405792,-122.0002518,COLUSA,SACRAMENTO R
SACRAMENTO RIVER AT DELTA,DLT,1075,40.93959427,-122.4172363,SHASTA,SACRAMENTO R
SACRAMENTO RIVER AT FREEPORT,FPT,0,38.45,-121.5,SACRAMENTO,SACRAMENTO R
SACRAMENTO RIVER AT HOOD,SRH,4,38.36798096,-121.5199585,SACRAMENTO,SACRAMENTO R
SACRAMENTO RIVER AT MALLARD ISLAND,MAL,0,38.04280472,-121.9200897,CONTRA COSTA,SACRAMENTO R
SACRAMENTO RIVER AT RIO VISTA BRIDGE,RVB,0,38.159737,-121.686355,SOLANO,SACRAMENTO R
SACRAMENTO RIVER AT VERONA,VON,43,38.77415466,-121.5980682,SUTTER,SACRAMENTO R
SACRAMENTO RIVER AT VINA BRIDGE-MAIN CH,VIN,185,39.90873718,-122.0924683,TEHAMA,SACRAMENTO R
SACRAMENTO RIVER BELOW GEORGIANA SLOUGH,GES,0,38.2389,-121.5234,SACRAMENTO,SACRAMENTO R
SACRAMENTO RIVER BELOW WILKINS SLOUGH,WLK,30,39.00989532,-121.8246918,SUTTER,SACRAMENTO R
SACTO R AT FREMONT WEIR (CREST 33.5'),FRE,40,38.75925827,-121.6672745,YOLO,SACRAMENTO R
SADDLE CAMP,SAD,3850,40.167,-122.8,TEHAMA,COTTONWOOD CR
SADDLEBACK,SBK,6670,39.475,-120.2025,SIERRA,YUBA R
SADDLEBACK BUTTE,SDD,2590,34.668,-117.821,LOS ANGELES,ANTELOPE VALLEY
SALINAS RIVER AT PASO ROBLES,PAS,700,35.628582,-120.6843338,SAN LUIS OBISPO,SALINAS R
SALINAS RIVER NEAR BRADLEY,BRA,443,35.93024445,-120.8687897,MONTEREY,SALINAS R
SALINAS RIVER NEAR SPRECKELS,SPR,53,36.63106918,-121.6724472,MONTEREY,SALINAS R
SALT SLOUGH AT HWY 165 NR STEVINSON,SSH,75,37.2478,-120.8511,MERCED,SAN JOAQUIN R
SALT SPRINGS,SLS,3700,38.497,-120.216,AMADOR,MOKELUMNE R
SALT SPRINGS PH (PG&E),SSR,3700,38.498,-120.219,CALAVERAS,MOKELUMNE R
SAN ANDREAS LANDING,SAL,0,38.104,-121.591,SAN JOAQUIN,DELTA
SAN ANTONIO RESERVOIR,SAT,468,37.573,-121.848,ALAMEDA,ALAMEDA CR
SAN ANTONIO RESERVOIR,SNV,498,37.577227,-121.845818,ALAMEDA,ALAMEDA CR
SAN BERNARDINO COUNTY YARD,SCY,1042,34.104,-117.268,SAN BERNARDINO,SANTA ANA R
SAN DIEGO NWS-LINDBERGH FIELD,SDG,13,32.733,-117.167,SAN DIEGO,SAN DIEGO R
SAN DIMAS CK AT PUDDINGSTON DIVERSN,PUD,1130,34.121,-117.782,LOS ANGELES,SAN GABRIEL R
SAN DIMAS DAM,SND,1350,34.153,-117.771,LOS ANGELES,SAN GABRIEL R
SAN FRANCISCO,SFN,150,37.770557,-122.426941,SAN FRANCISCO,SF BAY
SAN JOAQUIN 5-STATION PRECIP INDEX,5SI,0,37.74,-119.583,none specified,SAN JOAQUIN R
SAN JOAQUIN R ABV MERCED R NR NEWMAN,SMN,60,37.34721375,-120.976181,SAN JOAQUIN,SAN JOAQUIN R
SAN JOAQUIN R AT BRANDT BRIDGE,BDT,0,37.865,-121.3231,SAN JOAQUIN,SAN JOAQUIN R
SAN JOAQUIN R AT FREMONT FORD BRIDGE,FFB,65,37.30994034,-120.9310379,MERCED,SAN JOAQUIN R
SAN JOAQUIN R AT MAZE RD BRIDGE,MRB,39,37.6414,-121.2276,STANISLAUS,SAN JOAQUIN R
SAN JOAQUIN R BLW OLD R NEAR LATHROP,SJL,10,37.8111496,-121.3240356,SAN JOAQUIN,SAN JOAQUIN R
SAN JOAQUIN R MCCUNE STATION NR VERNALIS,SJR,32,37.67929,-121.26511,SAN JOAQUIN,SAN JOAQUIN R
SAN JOAQUIN R NR CROWS LANDING,SCL,60,37.43188095,-121.0138168,STANISLAUS,SAN JOAQUIN R
SAN JOAQUIN R NR DOS PALOS,SDP,116,36.994,-120.5015,FRESNO,SAN JOAQUIN R
SAN JOAQUIN R NR WASHINGTON RD,SWA,109,37.11532,-120.587,MERCED,SAN JOAQUIN R
SAN JOAQUIN RIVER AT ANTIOCH,ANH,10,38.0178299,-121.8029633,CONTRA COSTA,SAN JOAQUIN R
SAN JOAQUIN RIVER AT GRAVELLY FORD,GRF,170,36.798,-120.16,FRESNO,SAN JOAQUIN R
SAN JOAQUIN RIVER AT JERSEY POINT (USGS),SJJ,10,38.052,-121.689,SAN JOAQUIN,SAN JOAQUIN R
SAN JOAQUIN RIVER AT MOSSDALE BRIDGE,MSD,31,37.786,-121.306,SAN JOAQUIN,SAN JOAQUIN R
SAN JOAQUIN RIVER NEAR MENDOTA,MEN,170,36.81050491,-120.3782272,FRESNO,SAN JOAQUIN R
SAN JOAQUIN RIVER NEAR NEWMAN,NEW,90,37.35049438,-120.97715,MERCED,SAN JOAQUIN R
SAN JOAQUIN RIVER NEAR PATTERSON,SJP,97,37.494,-121.081,STANISLAUS,SAN JOAQUIN R
SAN JOAQUIN RIVER NEAR STEVINSON,SJS,82,37.295,-120.851,MERCED,SAN JOAQUIN R
SAN JOAQUIN RIVER NEAR VERNALIS,VNS,35,37.67604065,-121.2663269,SAN JOAQUIN,SAN JOAQUIN R
SAN JOSE (ALERT),SJE,58,37.362,-121.927,SANTA CLARA,LOS GATOS CR (NEAR SAN JOSE)
SAN LEANDRO BAY,SLE,10,37.7,-122.217,ALAMEDA,SF BAY
SAN LUIS RESERVOIR,SNL,543,37.033,-121.133,MERCED,SAN LUIS CR
SAN MIGUEL,SMG,425,32.685,-116.974,SAN DIEGO,SWEETWATER R
SAN RAFAEL HILLS,SRA,1770,34.1942,-118.2125,LOS ANGELES,LOS ANGELES R
SAND FLAT,SDF,6750,41.3504,-122.2464,SISKIYOU,SACRAMENTO R
SANGUINETTI RANCH,SNR,238,37.993,-120.981,SAN JOAQUIN,SAN JOAQUIN R
SANTA FE,SAF,500,34.1261,-117.9464,LOS ANGELES,SAN GABRIEL R
SANTA MARGARITA BOOSTER,SMB,1100,35.374,-120.637,SAN LUIS OBISPO,SALINAS R
SANTA RITA,SRI,5000,36.348,-120.598,SAN BENITO,SAN BENITO R
SANTA ROSA (CDF),STA,560,38.479,-122.712,SONOMA,RUSSIAN R
SANTA ROSA ISLAND,ROS,1250,33.967,-120.067,SANTA BARBARA,S BARBARA COAST
SANTA ROSA PLATEAU,SAR,1980,33.529,-117.231,RIVERSIDE,SAN JACINTO R
SAUGUS,SAU,1450,34.425,-118.525,LOS ANGELES,SANTA CLARA R
SAWMILL,SWM,10200,37.1619339,-118.5625229,INYO,OWENS R
SAWYERS BAR,SYB,4500,41.3,-123.117,SISKIYOU,SALMON R
SCHNEIDERS,SCN,8750,38.747,-120.068,EL DORADO,AMERICAN R
SCORPION,SCP,4400,41.112,-122.697,TRINITY,TRINITY R
SCOTT DAM,SCD,1807,39.4083,-122.9586,LAKE,EEL R
SCOTT MOUNTAIN,SCT,5900,41.272,-122.718,SISKIYOU,SCOTT R
SCOTT RIVER NEAR FORT JONES,SFJ,2623,41.64068985,-123.0150375,SISKIYOU,KLAMATH R
SECRET TOWN,SRT,2720,39.183,-120.883,NEVADA,BEAR R
SEVEN OAKS DAM,SVO,2610,34.1178,-117.0978,SAN BERNARDINO,SANTA ANA R
SF TUOLUMNE R NR OAKLAND REC CAMP,STO,2800,37.8217,-120.0119,TUOLUMNE,TUOLUMNE R
SHASTA DAM (USBR),SHA,1067,40.718,-122.42,SHASTA,SACRAMENTO R
SHASTA DAM (DWR-2),SYM,1067,40.718,-122.42,SHASTA,SACRAMENTO R
SHASTA DAM (USBR),SHS,1100,40.717,-122.417,SHASTA,SACRAMENTO R
SHASTA DAM (WATER QUALITY),SHD,580,40.7161,-122.4253,SHASTA,SACRAMENTO R
SHASTA R BLW CTY RD A-12 NR GRENADA,SBG,2490,41.64907,-122.49917,SISKIYOU,SHASTA R
SHAVER,SAV,5746,37.135,-119.25611,FRESNO,SAN JOAQUIN R
SHEEP RANCH,SHR,2370,38.21,-120.462,CALAVERAS,CALAVERAS R
SHIMMY LAKE,SHM,6400,41.008,-122.8,TRINITY,TRINITY R
SHINGLETOWN,SHI,3630,40.496,-121.85,SHASTA,SACTO VLY WEST
SIERRA CITY,SRC,4700,39.5678,-120.6528,SIERRA,YUBA R
SIERRAVILLE (DWR),SVL,4975,39.583,-120.367,SIERRA,FEATHER R
SIERRAVILLE RS (DWR-2),SVM,4975,39.583,-120.367,SIERRA,FEATHER R
SIERRAVILLE RS (USFS),SRR,4975,39.583,-120.367,SIERRA,FEATHER R
SILVER LAKE,SIL,7100,38.678,-120.118,EL DORADO,AMERICAN R
SILVER LAKE RESERVOIR,SIV,7134,38.669,-120.121,AMADOR,AMERICAN R
SIMI VALLEY,SMV,914,34.2912,-118.7976,VENTURA,SANTA CLARA R
SLAB CREEK,SLB,1850,38.7725,-120.6994,EL DORADO,AMERICAN R
SLATE CREEK,SLT,5700,41.045,-122.478,SHASTA,SACRAMENTO R
SLATE CREEK TUNNEL,SLA,9999,39.616,-121.051,PLUMAS,YUBA R
SLATER BUTTE,SRB,4670,41.858,-123.354,SISKIYOU,KLAMATH R
SLIDE CANYON,SLI,9200,38.092,-119.43,TUOLUMNE,TUOLUMNE R
SLY CREEK,SLC,3536,39.584,-121.116,BUTTE,FEATHER R
SLY PARK,SLP,3530,38.718,-120.563,EL DORADO,COSUMNES R
SMITH MOUNTAIN,SMI,3920,36.083,-120.608,MONTEREY,SALINAS R
SMITH PEAK RAWS,SEW,3871,37.8005,-120.1008,TUOLUMNE,TUOLUMNE R
SMITH RIVER AT DR FINE BRIDGE,DRF,63,41.883,-124.133,DEL NORTE,SMITH R
SNOW MOUNTAIN,SNM,5950,40.778,-121.782,SHASTA,PIT R
SODA CREEK,SOD,1773,39.433,-122.983,HUMBOLDT,EEL R
SONOMA COUNTY AIRPORT (SANTA ROSA),SNO,114,38.503887,-122.81028,SONOMA,RUSSIAN R
SONORA PASS BRIDGE,SPS,8750,38.318,-119.601,MONO,WALKER R
SONORA RS,SOR,1749,37.983,-120.383,TUOLUMNE,TUOLUMNE R
SOUTH CANAL FROM BEAR RIVER,BEV,1980,39.133,-120.953,PLACER,BEAR R
SOUTH ENTRANCE YOSEMITE,SEY,5120,37.5,-119.633,MARIPOSA,MERCED R
SOUTH FORK EEL RIVER AT LEGGETT,LEG,747,39.87459564,-123.7205811,MENDOCINO,EEL R
SOUTH FORK MOUNTAIN,SHK,3450,40.657,-122.525,SHASTA,SACRAMENTO R
SOUTH LAKE,SLK,9600,37.17590332,-118.5626602,INYO,OWENS R
SOUTH LAKE TAHOE AIRPORT,SLH,6314,38.898335,-119.99472,EL DORADO,TRUCKEE R
SPANISH LAKE,SPA,4840,36.262,-120.526,FRESNO,LOS GATOS CR (NEAR COALINGA)
SPICER MEADOWS,SPM,6516,38.393,-119.998,TUOLUMNE,STANISLAUS R
SPRATT CREEK,SPT,6150,38.66627,-119.81742,ALPINE,CARSON R
SPRING CREEK DEBRIS DAM,SPC,816,40.629,-122.474,SHASTA,SACRAMENTO R
SPRING GAP FOREBAY (PG&E),SFB,5100,38.172,-120.103,CALAVERAS,STANISLAUS R
SPRING VALLEY,SVA,1075,37.5625,-122.436,SAN MATEO,SAN MATEO CREEK
SPRINGVILLE TULE POWERPLANT,SGV,4070,36.1631,-118.7072,TULARE,TULE R
SQUAW LAKE,SQK,300,32.908,-114.494,IMPERIAL,COLORADO R
SQUAW PEAK,SQP,4964,42.0697,-123.0117,SISKIYOU,KLAMATH R
SQUAW SPRINGS,SWS,3620,35.3683,-117.5703,SAN BERNARDINO,MOJAVE DESERT
SQUAW VALLEY GOLD COAST,SQV,8200,39.194,-120.276,PLACER,TRUCKEE R
ST. HELENA 4WSW,SH4,1729,38.493056,-122.539722,NAPA,NAPA R
STAMPEDE,STP,5956,39.471,-120.103,SIERRA,TRUCKEE R
STANISLAUS MEADOW,SLM,7750,38.5055,-119.9373,ALPINE,STANISLAUS R
STANISLAUS POWERHOUSE,SPW,1060,38.133,-120.367,CALAVERAS,STANISLAUS R
STANISLAUS R AT ORANGE BLOSSOM BRIDGE,OBB,117,37.783,-120.75,STANISLAUS,STANISLAUS R
STANISLAUS RIVER AT RIPON,RIP,73,37.7296524,-121.1104965,SAN JOAQUIN,STANISLAUS R
STATE LAKES,STL,10300,36.927,-118.574,FRESNO,KINGS R
STATEN ISLAND,STI,0,38.117,-121.497,SAN JOAQUIN,DELTA
STEAMBOAT SLOUGH NR SACRAMENTO R,SXS,5,38.191267,-121.637881,SACRAMENTO,SACRAMENTO R
STOCKTON AIRPORT,SOC,27,37.889999,-121.226387,SAN JOAQUIN,LITTLEJOHN CR
STOCKTON FIRE STATION,SFS,14,37.999,-121.319,SAN JOAQUIN,SAN JOAQUIN R
STONY GORGE RESERVOIR,STG,800,39.583,-122.533,GLENN,STONY CR
STOUTS MEADOW,STM,5400,41.17,-121.938,SHASTA,MC CLOUD R
STRAWBERRY,SWB,5620,38.2,-119.983,TUOLUMNE,STANISLAUS R
STRAWBERRY VALLEY,SBY,3810,39.564,-121.106,YUBA,FEATHER R
STRAWBERRY VALLEY,STV,3808,39.567,-121.1,YUBA,FEATHER R
SUCCESS DAM,SCC,692,36.061,-118.922,TULARE,TULE R
SUGAR PINE,SGP,3843,39.128,-120.75,PLACER,AMERICAN R
SUMMIT MEADOW,SDW,9313,38.3975,-119.5356,MONO,WALKER R
SUNRISE CLUB,SNC,0,38.185,-122.083,SOLANO,DELTA
TAHOE CITY (NWS),TAC,6230,39.167,-120.133,PLACER,LAKE TAHOE
TAHOE CITY CROSS,TCC,6750,39.171439,-120.154658,PLACER,LAKE TAHOE
TALEGA,TAL,1203,33.475,-117.487,SAN DIEGO,SANTA MARGARITA R
TAMARACK SUMMIT,TMR,7550,37.165,-119.2,FRESNO,SAN JOAQUIN R
TANBARK ANGELES NF,TAN,2730,34.167,-117.767,LOS ANGELES,LOS ANGELES R
TARGET RANGE PENDELTON,CMP,918,33.372,-117.359,SAN DIEGO,SANTA MARGARITA R
TAYLOR RIDGE,TYR,4000,40.917,-122.817,TRINITY,TRINITY R
TELEGRAPH HILL,TLH,3730,38.03,-120.353,TUOLUMNE,STANISLAUS R
TENAYA LAKE,TNY,8150,37.838,-119.448,MARIPOSA,MERCED R
TERMINUS DAM,TRM,752,36.415,-119.002,TULARE,KAWEAH R
THERMALITO AFTERBAY,TAB,140,39.45,-121.633,BUTTE,FEATHER R
THERMALITO RIVER OUTLET WEATHER STATION,TWS,110,39.458,-121.671,BUTTE,FEATHER R
THOMES CREEK (CDF),TCK,1025,39.858,-122.612,TEHAMA,SACRAMENTO R
THOMES CREEK AT PASKENTA,THO,720,39.88784027,-122.5285645,TEHAMA,SACRAMENTO R
THOMPSON CREEK DAM,THP,1600,34.139,-117.709,LOS ANGELES,LOS ANGELES R
THOMPSON VALLEY,TVL,5404,39.979,-120.4789,PLUMAS,FEATHER R
THOUSAND OAKS RAWS,TOK,795,34.21,-118.87,VENTURA,SANTA CLARA R
THREE MILE SLOUGH,TMS,15,38.106,-121.7,SACRAMENTO,SACRAMENTO R
THREEMILE SLOUGH AT SAN JOAQUIN RIVER,TSL,10,38.1033,-121.6861,SACRAMENTO,SACRAMENTO R
TIGER CREEK POWERHOUSE,TCP,2360,38.45,-120.483,CALAVERAS,MOKELUMNE R
TIOGA PASS ENTRY STATION,TES,9945,37.91085434,-119.2584534,TUOLUMNE,TUOLUMNE R
TOMASINI POINT,TMP,40,38.117,-122.85,MARIN,COAST-MARIN
TONNER CANYON,TNR,1340,33.9475,-117.8222,LOS ANGELES,SANTA ANA R
TOPANGA RAWS,TPG,1600,34.1364,-118.605,LOS ANGELES,VENTURA LA COASTAL
TOTAL RELEASE-FEATHER R BLW THERMALITO,THA,900,39.45,-121.633,BUTTE,FEATHER R
TRACY PUMPING PLANT,TRP,3,37.8,-121.585,SAN JOAQUIN,SAN JOAQUIN R
TRAVIS AFB,TAF,59,38.2667,-121.9333,SOLANO,DELTA
TRIMMER,TRI,1540,36.9,-119.2,FRESNO,KINGS R
TRINITY CAMP,TNC,2100,40.679,-122.833,TRINITY,TRINITY R
TRINITY GUARD STATION,TGS,4100,40.825,-122.66,TRINITY,TRINITY R
TRINITY LAKE,CLE,2370,40.801,-122.762,TRINITY,TRINITY R
TRINITY RIVER AT DOUGLAS CITY,DGC,1600,40.64527893,-122.956665,TRINITY,TRINITY R
TRINITY RIVER AT HOOPA,HPA,330,41.04985046,-123.6736679,HUMBOLDT,TRINITY R
TROUGH SPRING,TRS,4000,39.296,-122.654,COLUSA,STONY CR
TRUCKEE 2,TK2,6400,39.3,-120.194,PLACER,TRUCKEE R
TRUCKEE RIVER AT TAHOE CITY,TTC,5930,39.1662941,-120.1443558,PLACER,TRUCKEE R
TRUCKEE RS (OBS),TKE,6020,39.333,-120.183,NEVADA,TRUCKEE R
TULARE PRECIPITATION INDEX,6SI,0,36.288,-118.702,TULARE,TULARE LAKE
TULLOCH,TUL,515,37.875,-120.603,CALAVERAS,STANISLAUS R
TUNNEL GUARD STATION,TUN,8900,36.367,-118.288,TULARE,KERN R
TUOLUMNE CANAL NEAR LONG BARN,STU,4110,38.093,-120.167,TUOLUMNE,STANISLAUS R
TUOLUMNE MEADOWS,TUM,8600,37.873,-119.35,TUOLUMNE,TUOLUMNE R
TUOLUMNE MEADOWS (NPS),TMM,9200,37.868,-119.319,TUOLUMNE,TUOLUMNE R
TUOLUMNE R AT THE GRAND CYN OF TUOLUMNE,TGC,3830,37.91658783,-119.6598969,TUOLUMNE,TUOLUMNE R
TUOLUMNE R BLW LA GRANGE DAM NR LA GRANG,LGN,170,37.6663208,-120.4421387,STANISLAUS,TUOLUMNE R
TUOLUMNE R-LA GRANGE DAM,TLG,170,37.666,-120.441,STANISLAUS,TUOLUMNE R
TUOLUMNE RIVER AT MODESTO,MOD,90,37.62687683,-120.9879913,STANISLAUS,TUOLUMNE R
UNION ISLAND,UNI,0,37.824,-121.376,SAN JOAQUIN,DELTA
UNION VALLEY,UNV,4870,38.864,-120.438,EL DORADO,AMERICAN R
UPPER BURNT CORRAL,UBC,9700,37.18355942,-118.937767,FRESNO,KINGS R
UPPER TYNDALL CREEK,UTY,11400,36.65,-118.397,TULARE,KERN R
VALLECITOS,VSB,635,37.5985,-121.8193,ALAMEDA,SF BAY
VALLEY CENTER,VAL,1370,33.2394,-117.0142,SAN DIEGO,SAN LUIS REY R
VALYERMO,VLY,3780,34.446,-117.851,LOS ANGELES,ANTELOPE VALLEY
VAN ARSDALE RESERVOIR 24HR AVG,VAR,1494,39.3839,-123.1025,MENDOCINO,EEL R
VAN VLECK,VVL,6700,38.943947,-120.306058,EL DORADO,AMERICAN R
VANDENBERG,VAN,1050,34.759,-120.486,SANTA BARBARA,SANTA YNEZ R
VENADO,VEN,1260,38.617,-123.017,SONOMA,RUSSIAN R
VERNALIS (USBR),VER,0,37.667,-121.267,SAN JOAQUIN,SAN JOAQUIN R
VICTORIA CANAL NEAR BYRON,VCU,0,37.8717,-121.5283,SAN JOAQUIN,DELTA
VICTORIA ISLAND,VIC,0,37.891,-121.489,SAN JOAQUIN,DELTA
VINTON,VNT,4944,39.8,-120.183,PLUMAS,FEATHER R
VIRGINIA LAKES RIDGE,VRG,9300,38.077,-119.234,MONO,WALKER R
VOLANTI,VOL,8,38.181,-122.046,SOLANO,DELTA
VOLCANIC KNOB,VLC,10050,37.388,-118.903,FRESNO,SAN JOAQUIN R
WALKER PASS,WKP,5572,35.6658,-118.0569,KERN,KERN R
WALNUT CREEK AT PUDDINGSTONE DAM,PDD,1030,34.092,-117.807,LOS ANGELES,SAN GABRIEL R
WALNUT CREEK SB,WLN,520,34.074,-117.874,LOS ANGELES,SAN GABRIEL R
WARD CREEK 3,WC3,6750,39.135574,-120.218678,PLACER,LAKE TAHOE
WARM SPRINGS (USACE),WRS,440,38.723,-123.01,SONOMA,RUSSIAN R
WARM SPRINGS (USFS),WSG,4020,34.583,-118.55,LOS ANGELES,SANTA CLARA R
WAWONA RAWS,WWN,4300,37.534443,-119.644997,MARIPOSA,MERCED R
WEAVERVILLE RS,WVR,2050,40.733,-122.95,TRINITY,TRINITY R
WEED AIRPORT,WED,2930,41.478889,-122.45472,SISKIYOU,SHASTA R
WEST WOODCHUCK MEADOW,WWC,9100,37.03,-118.918,FRESNO,KINGS R
WESTFALL,WST,4880,37.4494,-119.6497,MARIPOSA,FRESNO R
WESTWOOD,WWD,5150,40.307,-120.9,LASSEN,FEATHER R
WET MEADOWS,WTM,8950,36.348,-118.572,TULARE,KERN R
WHISKEYTOWN DAM (USBR),WHI,1210,40.598,-122.537,SHASTA,SACRAMENTO R
WHISPERING PINES,WSP,2700,38.805833,-122.708333,LAKE,PUTAH CR
WHITAKER,WTK,4120,34.569,-118.74,LOS ANGELES,SANTA CLARA R
WHITE CLOUD,WTC,4321,39.3167,-120.8375,NEVADA,YUBA R
WHITE WOLF,WHW,7900,37.8595,-119.6516,TUOLUMNE,TUOLUMNE R
WHITMORE (CDF),WHT,2454,40.6194,-121.8994,SHASTA,SACRAMENTO R
WHITTIER HILLS WILDERNESS PRESERVE,WWP,950,33.984,-118.01,LOS ANGELES,SAN GABRIEL R
WILEY RIDGE,WLY,1665,34.3717,-118.8408,VENTURA,VENTURA LA COASTAL
WILLITS HOWARD RS,WIL,1925,39.3506,-123.3217,MENDOCINO,RUSSIAN R
WISHON,WSN,6560,37.005,-118.969,FRESNO,KINGS R
WISHON DAM (PG&E),WSD,6550,37.003,-118.986,FRESNO,KINGS R
YORKVILLE,YOR,1100,38.9053,-123.2314,MENDOCINO,RUSSIAN R
YOSEMITE AT YOSEMITE VALLEY,YYV,4200,37.74,-119.589,MARIPOSA,MERCED R
YOSEMITE HEADQUARTERS,YSV,3966,37.74,-119.583,MARIPOSA,MERCED R
YOSEMITE NEAR WAWONA,YOW,4957,37.508,-119.632,MARIPOSA,MERCED R
YUBA RIVER NEAR MARYSVILLE,MRY,88,39.17572403,-121.5249634,YUBA,YUBA R
YUBA RIVER NEAR SMARTVILLE,YRS,280,39.23517227,-121.2741241,YUBA,YUBA R
YUCCA VALLEY,YUC,3100,34.123,-116.408,SAN BERNARDINO,WHITEWATER R
ZAPATO CHINO,ZPC,1150,36.016,-120.293,FRESNO,LOS GATOS CR (NEAR COALINGA)
ZENIA,ZEN,4000,40.208,-123.46,TRINITY,EEL R
,,,,,,
